job_id,n,k,t,lambda,dd_mode,batch_idx,n_batches,status,qpu_seconds,executions,created,running,finished,queue_seconds,run_seconds,total_seconds
d82q9p7tjchs73bod9qg,5,2,1,0.0,off,0,4,DONE,7.0,,2026-05-14 10:33:09.346786+00:00,2026-05-14 10:33:18.782469+00:00,2026-05-14 10:38:38.676389+00:00,9.435683,319.89392,329.32960299999996
d82qcfegbeec73am5490,5,2,1,0.0,off,1,4,DONE,7.0,,2026-05-14 10:38:53.784584+00:00,2026-05-14 10:39:09.034635+00:00,2026-05-14 10:44:29.223040+00:00,15.250051,320.188405,335.438456
d82qf6ugbeec73am57gg,5,2,1,0.0,off,2,4,DONE,6.0,,2026-05-14 10:44:44.183568+00:00,2026-05-14 10:44:58.702884+00:00,2026-05-14 10:47:20.520017+00:00,14.519316,141.817133,156.33644900000002
d82qgi6gbeec73am59d0,5,2,1,0.0,off,3,4,DONE,6.0,,2026-05-14 10:47:37.497031+00:00,2026-05-14 11:04:37.790990+00:00,2026-05-14 11:09:40.763711+00:00,1020.293959,302.972721,1323.26668
d82qr1ftjchs73bodt20,5,2,1,0.1,off,0,4,DONE,7.0,,2026-05-14 11:09:58.081577+00:00,2026-05-14 11:10:05.326403+00:00,2026-05-14 11:12:24.171567+00:00,7.244826,138.845164,146.08999
d82qs9noha1c73blu86g,5,2,1,0.1,off,1,4,DONE,6.0,,2026-05-14 11:12:39.226237+00:00,2026-05-14 11:12:48.886480+00:00,2026-05-14 11:15:09.704443+00:00,9.660243,140.817963,150.478206
d82qtj80bvlc73d2litg,5,2,1,0.1,off,2,4,DONE,6.0,,2026-05-14 11:15:25.457811+00:00,2026-05-14 11:15:31.017503+00:00,2026-05-14 11:18:00.134275+00:00,5.559692,149.116772,154.676464
d82qutnoha1c73blubd0,5,2,1,0.1,off,3,4,DONE,6.0,,2026-05-14 11:18:15.449199+00:00,2026-05-14 11:18:31.581841+00:00,2026-05-14 11:21:20.361226+00:00,16.132642,168.779385,184.912027
d82r0g7oha1c73blud40,5,2,1,0.2,off,0,4,DONE,6.0,,2026-05-14 11:21:37.320924+00:00,2026-05-14 11:21:48.832267+00:00,2026-05-14 11:24:15.217574+00:00,11.511343,146.385307,157.89665000000002
d82r1r80bvlc73d2lodg,5,2,1,0.2,off,1,4,DONE,7.0,,2026-05-14 11:24:30.199659+00:00,2026-05-14 11:24:31.335729+00:00,2026-05-14 11:26:51.853724+00:00,1.13607,140.517995,141.654065
d82r32ntjchs73boe6fg,5,2,1,0.2,off,2,4,DONE,7.0,,2026-05-14 11:27:07.551111+00:00,2026-05-14 11:27:08.921926+00:00,2026-05-14 11:29:31.424973+00:00,1.370815,142.503047,143.873862
d82r4ao0bvlc73d2lr5g,5,2,1,0.2,off,3,4,DONE,6.0,,2026-05-14 11:29:47.620945+00:00,2026-05-14 11:29:48.482020+00:00,2026-05-14 11:32:24.408430+00:00,0.861075,155.92641,156.787485
d82r5mfoha1c73bluj90,5,2,1,0.3,off,0,4,DONE,7.0,,2026-05-14 11:32:41.790745+00:00,2026-05-14 11:32:59.043436+00:00,2026-05-14 11:35:34.839661+00:00,17.252691,155.796225,173.048916
d82r75foha1c73bluktg,5,2,1,0.3,off,1,4,DONE,6.0,,2026-05-14 11:35:50.098228+00:00,2026-05-14 11:35:56.960415+00:00,2026-05-14 11:38:15.801957+00:00,6.8621870000000005,138.841542,145.703729
d82r8dnoha1c73blumd0,5,2,1,0.3,off,2,4,DONE,6.0,,2026-05-14 11:38:40.505287+00:00,2026-05-14 11:38:41.742329+00:00,2026-05-14 11:41:05.046876+00:00,1.237042,143.304547,144.54158900000002
d82r9o7oha1c73blunu0,5,2,1,0.3,off,3,4,DONE,6.0,,2026-05-14 11:41:21.413634+00:00,2026-05-14 11:41:27.004698+00:00,2026-05-14 11:43:48.536551+00:00,5.591064,141.531853,147.122917
d82rb16gbeec73am68k0,5,2,1,0.4,off,0,4,DONE,6.0,,2026-05-14 11:44:05.573681+00:00,2026-05-14 11:44:06.669296+00:00,2026-05-14 11:46:32.571567+00:00,1.095615,145.902271,146.99788600000002
d82rc9o0bvlc73d2m4mg,5,2,1,0.4,off,1,4,DONE,6.0,,2026-05-14 11:46:48.085688+00:00,2026-05-14 11:46:49.592976+00:00,2026-05-14 11:49:09.733383+00:00,1.507288,140.140407,141.647695
d82rdh00bvlc73d2m660,5,2,1,0.4,off,2,4,DONE,6.0,,2026-05-14 11:49:24.896215+00:00,2026-05-14 11:49:30.177024+00:00,2026-05-14 11:51:51.544159+00:00,5.280809,141.367135,146.647944
d82repnoha1c73blutq0,5,2,1,0.4,off,3,4,DONE,6.0,,2026-05-14 11:52:06.998508+00:00,2026-05-14 11:52:12.529345+00:00,2026-05-14 11:54:31.561988+00:00,5.530837,139.032643,144.56348
d82rg2vtjchs73boelk0,5,2,1,0.5,off,0,4,DONE,6.0,,2026-05-14 11:54:51.741591+00:00,2026-05-14 11:54:54.651077+00:00,2026-05-14 12:01:59.346525+00:00,2.9094860000000002,424.695448,427.604934
d82rjh80bvlc73d2mdgg,5,2,1,0.5,off,1,4,DONE,7.0,,2026-05-14 12:02:14.177752+00:00,2026-05-14 12:02:46.919859+00:00,2026-05-14 12:05:19.689713+00:00,32.742107,152.769854,185.511961
d82rl3ntjchs73boerr0,5,2,1,0.5,off,2,4,DONE,6.0,,2026-05-14 12:05:35.217040+00:00,2026-05-14 12:05:36.502119+00:00,2026-05-14 12:08:00.428798+00:00,1.285079,143.926679,145.211758
d82rmbg0bvlc73d2mhe0,5,2,1,0.5,off,3,4,DONE,6.0,,2026-05-14 12:08:15.189020+00:00,2026-05-14 12:08:16.236132+00:00,2026-05-14 12:10:38.610471+00:00,1.047112,142.374339,143.421451
d82rnjugbeec73am6otg,5,2,1,0.6,off,0,4,DONE,6.0,,2026-05-14 12:10:55.543968+00:00,2026-05-14 12:11:01.081615+00:00,2026-05-14 12:13:25.513549+00:00,5.537647,144.431934,149.969581
d82rot6gbeec73am6qg0,5,2,1,0.6,off,1,4,DONE,6.0,,2026-05-14 12:13:41.155634+00:00,2026-05-14 12:13:47.049214+00:00,2026-05-14 12:16:07.230752+00:00,5.89358,140.181538,146.07511799999997
d82rq5ftjchs73bof290,5,2,1,0.6,off,2,4,DONE,10.0,,2026-05-14 12:16:22.562343+00:00,2026-05-14 12:39:42.022789+00:00,2026-05-14 12:42:08.323959+00:00,1399.460446,146.30117,1545.761616
d82s6bugbeec73am7d3g,5,2,1,0.6,off,3,4,DONE,7.0,,2026-05-14 12:42:23.530802+00:00,2026-05-14 12:42:30.447618+00:00,2026-05-14 12:44:53.274267+00:00,6.916816,142.826649,149.74346500000001
d82s7lnoha1c73blvung,5,2,1,0.7,off,0,4,DONE,7.0,,2026-05-14 12:45:10.424546+00:00,2026-05-14 12:45:15.102842+00:00,2026-05-14 12:47:35.874797+00:00,4.678296,140.771955,145.45025099999998
d82s8tegbeec73am7go0,5,2,1,0.7,off,1,4,DONE,9.0,,2026-05-14 12:47:50.516053+00:00,2026-05-14 13:16:46.987915+00:00,2026-05-14 13:45:33.924425+00:00,1736.471862,1726.93651,3463.408372
d82t43foha1c73bm126g,5,2,1,0.7,off,2,4,DONE,9.0,,2026-05-14 13:45:49.569584+00:00,2026-05-14 13:46:12.962348+00:00,2026-05-14 13:50:42.382521+00:00,23.392764,269.420173,292.812937
d82t6g80bvlc73d2of40,5,2,1,0.7,off,3,4,DONE,10.0,,2026-05-14 13:50:58.573868+00:00,2026-05-14 14:12:48.881097+00:00,2026-05-14 14:39:18.582983+00:00,1310.307229,1589.701886,2900.009115
d82ttafoha1c73bm1tag,5,2,1,0.8,off,0,4,DONE,9.0,,2026-05-14 14:39:37.596437+00:00,2026-05-14 14:39:46.374825+00:00,2026-05-14 14:42:12.900491+00:00,8.778388,146.525666,155.304054
d82tul80bvlc73d2p95g,5,2,1,0.8,off,1,4,DONE,13.0,,2026-05-14 14:42:29.612739+00:00,2026-05-14 14:42:54.561146+00:00,2026-05-14 15:02:13.989390+00:00,24.948407,1159.428244,1184.376651
d82utt6gbeec73amak30,5,2,1,0.9,off,0,4,DONE,7.0,,2026-05-14 15:49:09.094401+00:00,2026-05-14 15:57:35.208535+00:00,2026-05-14 16:01:15.758451+00:00,506.114134,220.549916,726.66405
d82v3nmgbeec73amat60,5,2,1,0.9,off,1,4,DONE,9.0,,2026-05-14 16:01:34.915107+00:00,2026-05-14 16:02:00.130578+00:00,2026-05-14 16:07:09.806274+00:00,25.215471,309.675696,334.891167
d82v6fugbeec73amb110,5,2,1,0.9,off,2,4,DONE,7.0,,2026-05-14 16:07:28.424875+00:00,2026-05-14 16:07:39.539102+00:00,2026-05-14 16:11:32.403496+00:00,11.114227,232.864394,243.978621
d82v8hg0bvlc73d2qs9g,5,2,1,0.9,off,3,4,DONE,11.0,,2026-05-14 16:11:51.052269+00:00,2026-05-14 16:12:02.339077+00:00,2026-05-14 16:16:11.983216+00:00,11.286808,249.644139,260.930947
d82vano0bvlc73d2qurg,5,2,1,0.0,on,0,4,DONE,13.0,,2026-05-14 16:16:32.658964+00:00,2026-05-14 16:17:26.345014+00:00,2026-05-14 16:22:34.135880+00:00,53.68605,307.790866,361.476916
d82vdnftjchs73boj8j0,5,2,1,0.0,on,1,4,DONE,8.0,,2026-05-14 16:22:53.659885+00:00,2026-05-14 16:23:03.662481+00:00,2026-05-14 16:28:03.354173+00:00,10.002596,299.691692,309.694288
d82vg9mgbeec73ambci0,5,2,1,0.0,on,2,4,DONE,8.0,,2026-05-14 16:28:22.927902+00:00,2026-05-14 16:28:32.299498+00:00,2026-05-14 16:33:32.460193+00:00,9.371596,300.160695,309.532291
d82vismgbeec73ambfig,5,2,1,0.0,on,3,4,DONE,8.0,,2026-05-14 16:33:55.151996+00:00,2026-05-14 16:34:01.623227+00:00,2026-05-14 16:39:01.770589+00:00,6.471231,300.147362,306.618593
d82vleegbeec73ambijg,5,2,1,0.1,on,0,4,DONE,8.0,,2026-05-14 16:39:21.700019+00:00,2026-05-14 16:39:30.135039+00:00,2026-05-14 16:44:31.918052+00:00,8.43502,301.783013,310.218033
d82vo0foha1c73bm43ag,5,2,1,0.1,on,1,4,DONE,8.0,,2026-05-14 16:44:50.474589+00:00,2026-05-14 16:45:00.148198+00:00,2026-05-14 16:49:00.509379+00:00,9.673609,240.361181,250.03479
d82vq3voha1c73bm45h0,5,2,1,0.1,on,2,4,DONE,10.0,,2026-05-14 16:49:24.201423+00:00,2026-05-14 16:49:48.821790+00:00,2026-05-14 16:53:49.719686+00:00,24.620367,240.897896,265.518263
d82vsbugbeec73ambq4g,5,2,1,0.1,on,3,4,DONE,15.0,,2026-05-14 16:54:08.125160+00:00,2026-05-14 16:54:26.063345+00:00,2026-05-14 16:58:29.289801+00:00,17.938185,243.226456,261.164641
d82vui7tjchs73bojqpg,5,2,1,0.2,on,0,4,DONE,9.0,,2026-05-14 16:58:49.380922+00:00,2026-05-14 16:58:52.758910+00:00,2026-05-14 17:02:48.594676+00:00,3.377988,235.835766,239.213754
d8300iugbeec73ambufg,5,2,1,0.2,on,1,4,DONE,11.0,,2026-05-14 17:03:07.668683+00:00,2026-05-14 17:03:11.284747+00:00,2026-05-14 17:07:08.217962+00:00,3.6160639999999997,236.933215,240.54927899999998
d8302jnoha1c73bm4ea0,5,2,1,0.2,on,2,4,DONE,8.0,,2026-05-14 17:07:27.191526+00:00,2026-05-14 17:07:31.344656+00:00,2026-05-14 17:11:24.921370+00:00,4.15313,233.576714,237.729844
d8304jmgbeec73amc2gg,5,2,1,0.2,on,3,4,DONE,11.0,,2026-05-14 17:11:43.311500+00:00,2026-05-14 17:11:48.038343+00:00,2026-05-14 17:15:49.801147+00:00,4.726843,241.762804,246.489647
d8306mmgbeec73amc50g,5,2,1,0.3,on,0,4,DONE,8.0,,2026-05-14 17:16:10.851822+00:00,2026-05-14 17:16:12.462930+00:00,2026-05-14 17:20:08.606043+00:00,1.611108,236.143113,237.754221
d8308mntjchs73bok5ag,5,2,1,0.3,on,1,4,DONE,8.0,,2026-05-14 17:20:27.353089+00:00,2026-05-14 17:20:30.562803+00:00,2026-05-14 17:24:26.557056+00:00,3.209714,235.994253,239.20396699999998
d830anfoha1c73bm4nsg,5,2,1,0.3,on,2,4,DONE,8.0,,2026-05-14 17:24:46.122223+00:00,2026-05-14 17:25:08.146258+00:00,2026-05-14 17:29:09.662950+00:00,22.024035,241.516692,263.540727
d830cu6gbeec73amcd20,5,2,1,0.3,on,3,4,DONE,8.0,,2026-05-14 17:29:29.249636+00:00,2026-05-14 17:29:47.007622+00:00,2026-05-14 17:33:47.248822+00:00,17.757986,240.2412,257.999186
d830f3mgbeec73amcfug,5,2,1,0.4,on,0,4,DONE,11.0,,2026-05-14 17:34:07.320087+00:00,2026-05-14 17:34:08.761288+00:00,2026-05-14 17:38:36.927224+00:00,1.441201,268.165936,269.60713699999997
d830hbo0bvlc73d2s9qg,5,2,1,0.4,on,1,4,DONE,11.0,,2026-05-14 17:38:56.236171+00:00,2026-05-14 17:38:57.119886+00:00,2026-05-14 17:43:02.319730+00:00,0.883715,245.199844,246.083559
d830je6gbeec73amcl00,5,2,1,0.4,on,2,4,DONE,15.0,,2026-05-14 17:43:21.095037+00:00,2026-05-14 17:43:37.678142+00:00,2026-05-14 17:47:53.252338+00:00,16.583105,255.574196,272.157301
d830lmo0bvlc73d2sep0,5,2,1,0.4,on,3,4,DONE,15.0,,2026-05-14 17:48:12.262786+00:00,2026-05-14 17:48:27.518753+00:00,2026-05-14 17:52:29.278709+00:00,15.255967,241.759956,257.015923
d830nsg0bvlc73d2sh0g,5,2,1,0.5,on,0,4,DONE,11.0,,2026-05-14 17:52:50.961384+00:00,2026-05-14 17:52:58.279604+00:00,2026-05-14 17:57:20.547084+00:00,7.31822,262.26748,269.5857
d830q4voha1c73bm59dg,5,2,1,0.5,on,1,4,DONE,11.0,,2026-05-14 17:57:39.798929+00:00,2026-05-14 17:57:45.818364+00:00,2026-05-14 18:01:48.078389+00:00,6.019435,242.260025,248.27946
d830s7noha1c73bm5bgg,5,2,1,0.5,on,2,4,DONE,11.0,,2026-05-14 18:02:07.322880+00:00,2026-05-14 18:02:16.900014+00:00,2026-05-14 18:06:16.900064+00:00,9.577134000000001,240.00005,249.577184
d830ubmgbeec73amd170,5,2,1,0.5,on,3,4,DONE,11.0,,2026-05-14 18:06:38.740151+00:00,2026-05-14 18:06:55.341759+00:00,2026-05-14 18:11:00.983955+00:00,16.601608,245.642196,262.243804
d8310ig0bvlc73d2sq6g,5,2,1,0.6,on,0,4,DONE,11.0,,2026-05-14 18:11:22.981819+00:00,2026-05-14 18:11:26.931082+00:00,2026-05-14 18:15:44.155171+00:00,3.949263,257.224089,261.17335199999997
d8312ontjchs73bol1pg,5,2,1,0.6,on,1,4,DONE,11.0,,2026-05-14 18:16:02.693438+00:00,2026-05-14 18:16:34.179948+00:00,2026-05-14 18:20:44.100812+00:00,31.48651,249.920864,281.407374
d83153voha1c73bm5kk0,5,2,1,0.6,on,2,4,DONE,11.0,,2026-05-14 18:21:03.948738+00:00,2026-05-14 18:21:23.143186+00:00,2026-05-14 18:25:23.881603+00:00,19.194448,240.738417,259.932865
d83179ftjchs73bol6ig,5,2,1,0.6,on,3,4,DONE,11.0,,2026-05-14 18:25:42.424600+00:00,2026-05-14 18:26:06.666355+00:00,2026-05-14 18:30:10.464271+00:00,24.241755,243.797916,268.039671
d8319hugbeec73amddog,5,2,1,0.7,on,0,4,DONE,11.0,,2026-05-14 18:30:31.939864+00:00,2026-05-14 18:30:37.498897+00:00,2026-05-14 18:34:49.981213+00:00,5.559033,252.482316,258.041349
d831bn6gbeec73amdg2g,5,2,1,0.7,on,1,4,DONE,11.0,,2026-05-14 18:35:09.126714+00:00,2026-05-14 18:35:15.190400+00:00,2026-05-14 18:39:20.389780+00:00,6.063686,245.19938,251.26306599999998
d831dqnoha1c73bm5u5g,5,2,1,0.7,on,2,4,DONE,8.0,,2026-05-14 18:39:38.816510+00:00,2026-05-14 18:39:59.629028+00:00,2026-05-14 18:44:01.599102+00:00,20.812518,241.970074,262.782592
d831g1foha1c73bm60v0,5,2,1,0.7,on,3,4,DONE,16.0,,2026-05-14 18:44:21.446236+00:00,2026-05-14 18:44:27.333571+00:00,2026-05-14 18:48:35.073070+00:00,5.887335,247.739499,253.626834
d831i5o0bvlc73d2tea0,5,2,1,0.8,on,0,4,DONE,15.0,,2026-05-14 18:48:56.509452+00:00,2026-05-14 18:49:01.285746+00:00,2026-05-14 18:53:07.779843+00:00,4.776294,246.494097,251.27039100000002
d831k9vtjchs73bollo0,5,2,1,0.8,on,1,4,DONE,8.0,,2026-05-14 18:53:27.583896+00:00,2026-05-14 18:53:33.123837+00:00,2026-05-14 18:57:51.338696+00:00,5.539941,258.214859,263.7548
d831mgfoha1c73bm69ug,5,2,1,0.8,on,2,4,DONE,7.0,,2026-05-14 18:58:09.882607+00:00,2026-05-14 18:58:10.674393+00:00,2026-05-14 19:02:29.924407+00:00,0.791786,259.250014,260.0418
d831omfoha1c73bm6cog,5,2,1,0.8,on,3,4,DONE,7.0,,2026-05-14 19:02:49.697237+00:00,2026-05-14 19:02:50.450007+00:00,2026-05-14 19:06:55.941944+00:00,0.75277,245.491937,246.244707
d831qpftjchs73boltig,5,2,1,0.9,on,0,4,DONE,7.0,,2026-05-14 19:07:18.018672+00:00,2026-05-14 19:07:19.076038+00:00,2026-05-14 19:11:24.362204+00:00,1.057366,245.286166,246.343532
d831srugbeec73ame6cg,5,2,1,0.9,on,1,4,DONE,7.0,,2026-05-14 19:11:43.568230+00:00,2026-05-14 19:11:44.247347+00:00,2026-05-14 19:15:46.034194+00:00,0.679117,241.786847,242.46596399999999
d831utegbeec73ame8n0,5,2,1,0.9,on,2,4,DONE,7.0,,2026-05-14 19:16:06.497307+00:00,2026-05-14 19:16:07.194624+00:00,2026-05-14 19:20:47.980496+00:00,0.697317,280.785872,281.483189
d83218g0bvlc73d2u010,5,2,1,0.9,on,3,4,DONE,7.0,,2026-05-14 19:21:06.955084+00:00,2026-05-14 19:21:07.754642+00:00,2026-05-14 19:25:09.572033+00:00,0.799558,241.817391,242.61694899999998
